video,config,selector,channel,bit_depth,psss_backend_kind,n_frames_total,n_transmitting_frames,n_keyframes_selected,n_nan_or_inf_frames,n_quality_frames,valid_frame_ratio,mean_psnr,mean_ssim,mean_lpips,latent_elements_total,analog_channel_symbols_total,source_packet_bits_total,digital_side_information_bytes_total,total_bundle_bytes,analog_no_wire_bytes,visual_transport_complete,total_elapsed_s
01_person_walk,fixed_awgn,fixed,awgn,,,100,7,7,0,100,1.0,20.661474895477294,0.7680535399913788,0.29724159233272074,229376,229376,15231408,1903926,1903926,True,False,52.145
01_person_walk,fixed_int16,fixed,int16,16,,100,7,7,0,100,1.0,20.837308959960936,0.7697608530521393,0.27444946847856044,229376,,18947808,,2368476,False,True,54.328
01_person_walk,fixed_int8,fixed,int8,8,,100,7,7,0,100,1.0,20.834882621765136,0.7698946070671081,0.2749896154552698,229376,,17112000,,2139000,False,True,55.525
01_person_walk,fixed_int6,fixed,int6,6,,100,7,7,0,100,1.0,20.81361270904541,0.771161944270134,0.281104955971241,229376,,16653248,,2081656,False,True,55.275
01_person_walk,fixed_int4,fixed,int4,4,,100,7,7,0,100,1.0,20.744863777160646,0.7707451635599136,0.29518415212631227,229376,,16194496,,2024312,False,True,55.61
01_person_walk,skem_int16,skem,int16,16,proxy,100,7,7,0,100,1.0,20.837313289642335,0.7697607046365738,0.27445021010935305,229376,,18947008,,2368376,False,True,54.899
01_person_walk,skem_int8,skem,int8,8,proxy,100,7,7,0,100,1.0,20.834876804351808,0.76989471077919,0.27499107681214807,229376,,17111200,,2138900,False,True,54.946
01_person_walk,skem_int6,skem,int6,6,proxy,100,7,7,0,100,1.0,20.81361343383789,0.7711618691682816,0.28110486343503,229376,,16652448,,2081556,False,True,55.349
01_person_walk,skem_int4,skem,int4,4,proxy,100,7,7,0,100,1.0,20.744866046905518,0.7707452005147934,0.2951844523102045,229376,,16193696,,2024212,False,True,53.937
02_car_pass,fixed_awgn,fixed,awgn,,,100,9,7,0,100,1.0,23.849318141937257,0.8055297708511353,0.25821227505803107,294912,294912,19439152,2429894,2429894,True,False,67.201
02_car_pass,fixed_int16,fixed,int16,16,,100,9,7,16,84,0.84,24.780969074794225,0.8100296649194899,0.2308139202318021,294912,,24217152,,3027144,False,True,71.566
02_car_pass,fixed_int8,fixed,int8,8,,100,9,7,16,84,0.84,24.774216334025066,0.810010110338529,0.23128927685320377,294912,,21857056,,2732132,False,True,71.628
02_car_pass,fixed_int6,fixed,int6,6,,100,9,7,0,100,1.0,24.198823833465575,0.8125837182998658,0.23770860478281974,294912,,21267232,,2658404,False,True,71.778
02_car_pass,fixed_int4,fixed,int4,4,,100,9,7,0,100,1.0,23.983584938049315,0.8086878949403763,0.2510694606602192,294912,,20677408,,2584676,False,True,70.398
02_car_pass,skem_int16,skem,int16,16,proxy,100,9,7,16,84,0.84,24.780958448137557,0.8100298125119436,0.23081414419270696,294912,,24216352,,3027044,False,True,71.428
02_car_pass,skem_int8,skem,int8,8,proxy,100,9,7,16,84,0.84,24.774227346692765,0.8100101798772812,0.23128992922249295,294912,,21856256,,2732032,False,True,71.103
02_car_pass,skem_int6,skem,int6,6,proxy,100,9,7,0,100,1.0,24.19882423400879,0.8125837379693985,0.23770821698009967,294912,,21266432,,2658304,False,True,70.353
02_car_pass,skem_int4,skem,int4,4,proxy,100,9,7,0,100,1.0,23.98360342025757,0.8086881852149963,0.25107067316770554,294912,,20676608,,2584576,False,True,71.324
03_dog_walk,fixed_awgn,fixed,awgn,,,100,7,7,0,100,1.0,23.823638706207277,0.7747189277410507,0.22584983840584755,229376,229376,15208624,1901078,1901078,True,False,51.596
03_dog_walk,fixed_int16,fixed,int16,16,,100,7,7,0,100,1.0,24.15590148925781,0.7893241709470749,0.19624522335827352,229376,,18925024,,2365628,False,True,55.441
03_dog_walk,fixed_int8,fixed,int8,8,,100,7,7,0,100,1.0,24.153286819458007,0.7892035895586014,0.19676046058535576,229376,,17089216,,2136152,False,True,55.102
03_dog_walk,fixed_int6,fixed,int6,6,,100,7,7,0,100,1.0,24.111178665161134,0.7872368180751801,0.2038911148160696,229376,,16630464,,2078808,False,True,54.525
03_dog_walk,fixed_int4,fixed,int4,4,,100,7,7,0,100,1.0,24.000156192779542,0.7805216950178147,0.22474306538701058,229376,,16171712,,2021464,False,True,55.246
03_dog_walk,skem_int16,skem,int16,16,proxy,100,7,7,0,100,1.0,24.15590358734131,0.7893242567777634,0.19624464839696884,229376,,18924224,,2365528,False,True,55.303
03_dog_walk,skem_int8,skem,int8,8,proxy,100,7,7,0,100,1.0,24.15329635620117,0.7892038780450821,0.1967606897652149,229376,,17088416,,2136052,False,True,54.547
03_dog_walk,skem_int6,skem,int6,6,proxy,100,7,7,0,100,1.0,24.111186141967774,0.7872365921735763,0.203893456235528,229376,,16629664,,2078708,False,True,55.767
03_dog_walk,skem_int4,skem,int4,4,proxy,100,7,7,0,100,1.0,24.00015827178955,0.7805218535661698,0.2247427435219288,229376,,16170912,,2021364,False,True,55.323
04_person_car,fixed_awgn,fixed,awgn,,,100,7,7,0,100,1.0,21.772457866668702,0.591624085009098,0.22853805229067803,229376,229376,15187408,1898426,1898426,True,False,52.303
04_person_car,fixed_int16,fixed,int16,16,,100,7,7,0,100,1.0,22.06667314529419,0.5968268322944641,0.20952042803168297,229376,,18903808,,2362976,False,True,55.223
04_person_car,fixed_int8,fixed,int8,8,,100,7,7,0,100,1.0,22.06609312057495,0.5968527537584305,0.2097002387046814,229376,,17068000,,2133500,False,True,54.867
04_person_car,fixed_int6,fixed,int6,6,,100,7,7,32,68,0.68,22.125471956589642,0.6081546014722656,0.2113469147726017,229376,,16609248,,2076156,False,True,54.704
04_person_car,fixed_int4,fixed,int4,4,,100,7,7,0,100,1.0,21.95036792755127,0.5973279473185539,0.21951984375715256,229376,,16150496,,2018812,False,True,55.291
04_person_car,skem_int16,skem,int16,16,proxy,100,7,7,0,100,1.0,22.06666648864746,0.596826713681221,0.20952185958623887,229376,,18903008,,2362876,False,True,55.438
04_person_car,skem_int8,skem,int8,8,proxy,100,7,7,0,100,1.0,22.06608560562134,0.5968527436256409,0.209699055403471,229376,,17067200,,2133400,False,True,54.134
04_person_car,skem_int6,skem,int6,6,proxy,100,7,7,32,68,0.68,22.125479277442484,0.6081545405528125,0.2113465380800121,229376,,16608448,,2076056,False,True,55.557
04_person_car,skem_int4,skem,int4,4,proxy,100,7,7,0,100,1.0,21.95036169052124,0.5973279973864556,0.2195221772789955,229376,,16149696,,2018712,False,True,55.343
05_camera_pan_person,fixed_awgn,fixed,awgn,,,100,7,7,0,100,1.0,17.543243350982667,0.38754001587629316,0.39360305726528166,229376,229376,15219440,1902430,1902430,True,False,52.242
05_camera_pan_person,fixed_int16,fixed,int16,16,,100,7,7,0,100,1.0,17.717051601409914,0.3871899288892746,0.38047900453209876,229376,,18935840,,2366980,False,True,55.278
05_camera_pan_person,fixed_int8,fixed,int8,8,,100,7,7,0,100,1.0,17.716899976730346,0.3874238991737366,0.3806112643331289,229376,,17100032,,2137504,False,True,53.634
05_camera_pan_person,fixed_int6,fixed,int6,6,,100,7,7,4,96,0.96,17.4746517042319,0.3818597514182329,0.388162459867696,229376,,16641280,,2080160,False,True,54.904
05_camera_pan_person,fixed_int4,fixed,int4,4,,100,7,7,0,100,1.0,17.67834280014038,0.3931586241722107,0.38792601972818375,229376,,16182528,,2022816,False,True,54.89
05_camera_pan_person,skem_int16,skem,int16,16,proxy,100,7,7,0,100,1.0,17.717055625915528,0.387190043926239,0.3804777805507183,229376,,18935040,,2366880,False,True,54.891
05_camera_pan_person,skem_int8,skem,int8,8,proxy,100,7,7,0,100,1.0,17.716898126602175,0.3874236261844635,0.3806121896952391,229376,,17099232,,2137404,False,True,54.631
05_camera_pan_person,skem_int6,skem,int6,6,proxy,100,7,7,4,96,0.96,17.474654684464138,0.38185939006507397,0.38816133700311184,229376,,16640480,,2080060,False,True,55.344
05_camera_pan_person,skem_int4,skem,int4,4,proxy,100,7,7,0,100,1.0,17.678357343673706,0.39315892338752745,0.3879244259744883,229376,,16181728,,2022716,False,True,55.481
06_handheld_sign,fixed_awgn,fixed,awgn,,,100,7,7,0,100,1.0,20.019846000671386,0.6218627953529358,0.3619764302670956,229376,229376,15321776,1915222,1915222,True,False,52.214
06_handheld_sign,fixed_int16,fixed,int16,16,,100,7,7,0,100,1.0,20.253502941131593,0.6183313935995102,0.34590093351900575,229376,,19038176,,2379772,False,True,54.175
06_handheld_sign,fixed_int8,fixed,int8,8,,100,7,7,16,84,0.84,20.35128845487322,0.6210826975958688,0.34719923156357946,229376,,17202368,,2150296,False,True,55.001
06_handheld_sign,fixed_int6,fixed,int6,6,,100,7,7,0,100,1.0,20.199924144744873,0.6223243528604507,0.34987068772315977,229376,,16743616,,2092952,False,True,54.779
06_handheld_sign,fixed_int4,fixed,int4,4,,100,7,7,0,100,1.0,20.05419832229614,0.6241844809055328,0.35836329631507396,229376,,16284864,,2035608,False,True,54.611
06_handheld_sign,skem_int16,skem,int16,16,proxy,100,7,7,0,100,1.0,20.25350202560425,0.618331469297409,0.3459025836735964,229376,,19037376,,2379672,False,True,54.438
06_handheld_sign,skem_int8,skem,int8,8,proxy,100,7,7,16,84,0.84,20.35128520783924,0.6210825109765643,0.3471990990496817,229376,,17201568,,2150196,False,True,55.452
06_handheld_sign,skem_int6,skem,int6,6,proxy,100,7,7,0,100,1.0,20.199910736083986,0.6223240268230438,0.349869731515646,229376,,16742816,,2092852,False,True,55.463
06_handheld_sign,skem_int4,skem,int4,4,proxy,100,7,7,0,100,1.0,20.054195585250856,0.6241847014427185,0.3583639965951443,229376,,16284064,,2035508,False,True,54.232
07_person_enter,fixed_awgn,fixed,awgn,,,100,18,7,0,100,1.0,25.649550857543947,0.8361651194095612,0.20838983438909053,589824,589824,38460168,4807521,4807521,True,False,133.993
07_person_enter,fixed_int16,fixed,int16,16,,100,18,7,0,100,1.0,26.218069648742677,0.8419369381666183,0.18844211392104626,589824,,48015368,,6001921,False,True,140.659
07_person_enter,fixed_int8,fixed,int8,8,,100,18,7,2,98,0.98,26.00833801347382,0.8399550841779125,0.19085795006581716,589824,,43295976,,5411997,False,True,141.101
07_person_enter,fixed_int6,fixed,int6,6,,100,18,7,0,100,1.0,26.099509239196777,0.8416133064031601,0.19431093595921994,589824,,42116328,,5264541,False,True,143.162
07_person_enter,fixed_int4,fixed,int4,4,,100,18,7,0,100,1.0,25.537933406829833,0.8376909899711609,0.2108429814875126,589824,,40936680,,5117085,False,True,141.803
07_person_enter,skem_int16,skem,int16,16,proxy,100,18,7,0,100,1.0,26.21807418823242,0.8419368088245391,0.18844380147755146,589824,,48014568,,6001821,False,True,141.535
07_person_enter,skem_int8,skem,int8,8,proxy,100,18,7,2,98,0.98,26.008330987424266,0.8399550111926332,0.19085856527090073,589824,,43295176,,5411897,False,True,142.687
07_person_enter,skem_int6,skem,int6,6,proxy,100,18,7,0,100,1.0,26.09950147628784,0.8416130989789963,0.1943113338202238,589824,,42115528,,5264441,False,True,141.304
07_person_enter,skem_int4,skem,int4,4,proxy,100,18,7,0,100,1.0,25.537925415039062,0.8376904457807541,0.21084349915385248,589824,,40935880,,5116985,False,True,141.303
08_car_exit,fixed_awgn,fixed,awgn,,,100,7,7,0,100,1.0,25.884362812042237,0.8221661865711212,0.18959133759140967,229376,229376,15413136,1926642,1926642,True,False,52.341
08_car_exit,fixed_int16,fixed,int16,16,,100,7,7,0,100,1.0,26.373610706329345,0.8320656758546829,0.1685774402320385,229376,,19129536,,2391192,False,True,55.112
08_car_exit,fixed_int8,fixed,int8,8,,100,7,7,16,84,0.84,26.51886658441453,0.8337310942865553,0.16935774134028525,229376,,17293728,,2161716,False,True,55.607
08_car_exit,fixed_int6,fixed,int6,6,,100,7,7,0,100,1.0,26.3112469291687,0.8312051647901535,0.17254067443311213,229376,,16834976,,2104372,False,True,55.659
08_car_exit,fixed_int4,fixed,int4,4,,100,7,7,0,100,1.0,26.05274698257446,0.8262589871883392,0.18596560254693031,229376,,16376224,,2047028,False,True,55.384
08_car_exit,skem_int16,skem,int16,16,proxy,100,7,7,0,100,1.0,26.37362512588501,0.8320652794837952,0.1685785327106714,229376,,19128736,,2391092,False,True,55.357
08_car_exit,skem_int8,skem,int8,8,proxy,100,7,7,16,84,0.84,26.51888316018241,0.8337311120260329,0.16935721838048526,229376,,17292928,,2161616,False,True,55.531
08_car_exit,skem_int6,skem,int6,6,proxy,100,7,7,0,100,1.0,26.311258487701416,0.8312054187059402,0.17254100024700164,229376,,16834176,,2104272,False,True,55.036
08_car_exit,skem_int4,skem,int4,4,proxy,100,7,7,0,100,1.0,26.052748069763183,0.8262589293718338,0.185965433716774,229376,,16375424,,2046928,False,True,55.589
09_scene_cut_chair_car,fixed_awgn,fixed,awgn,,,100,7,7,0,100,1.0,33.16028381347656,0.9290839409828187,0.14206840731203557,229376,229376,15270768,1908846,1908846,True,False,52.223
09_scene_cut_chair_car,fixed_int16,fixed,int16,16,,100,7,7,16,84,0.84,35.12003512609573,0.9427700922602699,0.11564302852465994,229376,,18987168,,2373396,False,True,55.054
09_scene_cut_chair_car,fixed_int8,fixed,int8,8,,100,7,7,16,84,0.84,35.02512632097517,0.9412800733532224,0.1167686806016025,229376,,17151360,,2143920,False,True,55.52
09_scene_cut_chair_car,fixed_int6,fixed,int6,6,,100,7,7,0,100,1.0,34.41888134002686,0.937558856010437,0.1217247138172388,229376,,16692608,,2086576,False,True,55.421
09_scene_cut_chair_car,fixed_int4,fixed,int4,4,,100,7,7,0,100,1.0,33.50419080734253,0.9329601925611496,0.13574050970375537,229376,,16233856,,2029232,False,True,54.651
09_scene_cut_chair_car,skem_int16,skem,int16,16,proxy,100,7,7,16,84,0.84,35.12007241022019,0.9427697708209356,0.11564140181456294,229376,,18986368,,2373296,False,True,55.496
09_scene_cut_chair_car,skem_int8,skem,int8,8,proxy,100,7,7,16,84,0.84,35.02514167059036,0.9412797951982135,0.11676777650912602,229376,,17150560,,2143820,False,True,55.08
09_scene_cut_chair_car,skem_int6,skem,int6,6,proxy,100,7,7,0,100,1.0,34.418845100402834,0.9375589579343796,0.12172275356948375,229376,,16691808,,2086476,False,True,54.979
09_scene_cut_chair_car,skem_int4,skem,int4,4,proxy,100,7,7,0,100,1.0,33.50418399810791,0.9329599499702453,0.13573977276682853,229376,,16233056,,2029132,False,True,55.403
10_busy_sidewalk,fixed_awgn,fixed,awgn,,,100,7,7,0,100,1.0,20.98845157623291,0.7556886863708496,0.25638189949095247,229376,229376,15400656,1925082,1925082,True,False,52.411
10_busy_sidewalk,fixed_int16,fixed,int16,16,,100,7,7,20,80,0.8,20.824983072280883,0.7595881216228009,0.25068674255162476,229376,,19117056,,2389632,False,True,54.486
10_busy_sidewalk,fixed_int8,fixed,int8,8,,100,7,7,4,96,0.96,20.893302341302235,0.7623354662209749,0.2466136543856313,229376,,17281248,,2160156,False,True,55.421
10_busy_sidewalk,fixed_int6,fixed,int6,6,,100,7,7,0,100,1.0,21.316420249938965,0.7688521784543991,0.2416786226630211,229376,,16822496,,2102812,False,True,54.018
10_busy_sidewalk,fixed_int4,fixed,int4,4,,100,7,7,0,100,1.0,21.190077953338623,0.7638264662027359,0.24971702583134175,229376,,16363744,,2045468,False,True,55.444
10_busy_sidewalk,skem_int16,skem,int16,16,proxy,100,7,7,20,80,0.8,20.824982738494874,0.7595881506800651,0.25068627735599874,229376,,19116256,,2389532,False,True,54.606
10_busy_sidewalk,skem_int8,skem,int8,8,proxy,100,7,7,4,96,0.96,20.893307725588482,0.762335654348135,0.24661319283768535,229376,,17280448,,2160056,False,True,55.772
10_busy_sidewalk,skem_int6,skem,int6,6,proxy,100,7,7,0,100,1.0,21.316418495178223,0.7688522166013718,0.24167870484292509,229376,,16821696,,2102712,False,True,55.144
10_busy_sidewalk,skem_int4,skem,int4,4,proxy,100,7,7,0,100,1.0,21.190082302093504,0.7638263237476349,0.24971664406359195,229376,,16362944,,2045368,False,True,54.836
